{"cameraMode":{"drawMode":0,"name":"Shaded","section":"Shading Mode"},"sceneLighting":false,"audioPlay":false,"sceneViewState":{"showFog":true,"showMaterialUpdate":false,"showSkybox":false,"showFlares":true,"showImageEffects":true,"showParticleSystems":true},"in2DMode":false,"pivot":{"x":2.2160181999206545,"y":-2.1184182167053224,"z":7.247133255004883},"rotation":{"x":0.22643019258975984,"y":0.6024839878082275,"z":-0.18362577259540559,"w":0.7430537939071655},"size":5.852827072143555,"orthographic":false}