{"cameraMode":{"drawMode":0,"name":"Shaded","section":"Shading Mode"},"sceneLighting":false,"audioPlay":false,"sceneViewState":{"showFog":true,"showMaterialUpdate":false,"showSkybox":false,"showFlares":true,"showImageEffects":true,"showParticleSystems":true},"in2DMode":false,"pivot":{"x":0.9313756227493286,"y":-1.3669301271438599,"z":9.908660888671875},"rotation":{"x":0.026946047320961953,"y":0.9500964283943176,"z":-0.29891493916511538,"w":0.0857321098446846},"size":5.852827072143555,"orthographic":false}