{"cameraMode":{"drawMode":0,"name":"Shaded","section":"Shading Mode"},"sceneLighting":false,"audioPlay":false,"sceneViewState":{"showFog":true,"showMaterialUpdate":false,"showSkybox":false,"showFlares":true,"showImageEffects":true,"showParticleSystems":true},"in2DMode":false,"pivot":{"x":0.0,"y":-1.1392089128494263,"z":11.471866607666016},"rotation":{"x":0.17928539216518403,"y":0.5815908312797546,"z":-0.13331472873687745,"w":0.7822663187980652},"size":5.852827072143555,"orthographic":false}