{"cameraMode":{"drawMode":0,"name":"Shaded","section":"Shading Mode"},"sceneLighting":false,"audioPlay":false,"sceneViewState":{"showFog":true,"showMaterialUpdate":false,"showSkybox":false,"showFlares":true,"showImageEffects":true,"showParticleSystems":true},"in2DMode":false,"pivot":{"x":2.2160181999206545,"y":-2.1184182167053224,"z":7.247133255004883},"rotation":{"x":0.33351439237594607,"y":0.1367955505847931,"z":-0.04898956045508385,"w":0.9315362572669983},"size":4.652826309204102,"orthographic":false}