{"cameraMode":{"drawMode":0,"name":"Shaded","section":"Shading Mode"},"sceneLighting":false,"audioPlay":false,"sceneViewState":{"showFog":true,"showMaterialUpdate":false,"showSkybox":false,"showFlares":true,"showImageEffects":true,"showParticleSystems":true},"in2DMode":false,"pivot":{"x":-11.986834526062012,"y":0.6879673004150391,"z":15.277751922607422},"rotation":{"x":0.30541491508483889,"y":0.1655174195766449,"z":-0.05385305732488632,"w":0.9362385869026184},"size":7.625168323516846,"orthographic":false}