{"cameraMode":{"drawMode":0,"name":"Shaded","section":"Shading Mode"},"sceneLighting":true,"audioPlay":false,"sceneViewState":{"showFog":true,"showMaterialUpdate":false,"showSkybox":true,"showFlares":true,"showImageEffects":true,"showParticleSystems":true},"in2DMode":false,"pivot":{"x":0.09641170501708985,"y":4.51497220993042,"z":-2.252307891845703},"rotation":{"x":0.03758900240063667,"y":-0.9336791634559631,"z":0.10294099897146225,"w":0.340932160615921},"size":10.0,"orthographic":false}