{"cameraMode":{"drawMode":0,"name":"Shaded","section":"Shading Mode"},"sceneLighting":false,"audioPlay":false,"sceneViewState":{"showFog":true,"showMaterialUpdate":false,"showSkybox":false,"showFlares":true,"showImageEffects":true,"showParticleSystems":true},"in2DMode":false,"pivot":{"x":-12.612970352172852,"y":-7.664557456970215,"z":7.172425746917725},"rotation":{"x":-0.2642781138420105,"y":0.6805053353309631,"z":-0.29077428579330447,"w":-0.6184967160224915},"size":6.711087226867676,"orthographic":false}