{"cameraMode":{"drawMode":0,"name":"Shaded","section":"Shading Mode"},"sceneLighting":false,"audioPlay":false,"sceneViewState":{"showFog":true,"showMaterialUpdate":false,"showSkybox":false,"showFlares":true,"showImageEffects":true,"showParticleSystems":true},"in2DMode":false,"pivot":{"x":-11.028142929077149,"y":-6.5758490562438969,"z":10.242332458496094},"rotation":{"x":-0.18140211701393128,"y":0.7313416600227356,"z":-0.2133164256811142,"w":-0.6218945980072022},"size":7.193478107452393,"orthographic":false}