{"cameraMode":{"drawMode":0,"name":"Shaded","section":"Shading Mode"},"sceneLighting":false,"audioPlay":false,"sceneViewState":{"showFog":true,"showMaterialUpdate":false,"showSkybox":false,"showFlares":true,"showImageEffects":true,"showParticleSystems":true},"in2DMode":false,"pivot":{"x":-13.765955924987793,"y":-6.583225250244141,"z":8.132493019104004},"rotation":{"x":-0.17055508494377137,"y":0.7104312777519226,"z":-0.18428392708301545,"w":-0.657464861869812},"size":7.050039291381836,"orthographic":false}