{"cameraMode":{"drawMode":0,"name":"Shaded","section":"Shading Mode"},"sceneLighting":false,"audioPlay":false,"sceneViewState":{"showFog":true,"showMaterialUpdate":false,"showSkybox":false,"showFlares":true,"showImageEffects":true,"showParticleSystems":true},"in2DMode":false,"pivot":{"x":1.2771834135055543,"y":-8.47935962677002,"z":6.2044219970703129},"rotation":{"x":-0.2309395670890808,"y":0.7035859823226929,"z":-0.262673556804657,"w":-0.618586540222168},"size":6.711087226867676,"orthographic":false}