{"cameraMode":{"drawMode":0,"name":"Shaded","section":"Shading Mode"},"sceneLighting":false,"audioPlay":false,"sceneViewState":{"showFog":true,"showMaterialUpdate":false,"showSkybox":false,"showFlares":true,"showImageEffects":true,"showParticleSystems":true},"in2DMode":false,"pivot":{"x":0.8893136978149414,"y":-4.174046516418457,"z":-1.7707993984222413},"rotation":{"x":-0.16957281529903413,"y":0.7369289994239807,"z":-0.20062999427318574,"w":-0.6228489279747009},"size":6.711087226867676,"orthographic":false}