{"cameraMode":{"drawMode":0,"name":"Shaded","section":"Shading Mode"},"sceneLighting":false,"audioPlay":false,"sceneViewState":{"showFog":true,"showMaterialUpdate":false,"showSkybox":false,"showFlares":true,"showImageEffects":true,"showParticleSystems":true},"in2DMode":false,"pivot":{"x":-6.4992499351501469,"y":-7.068506717681885,"z":11.824085235595704},"rotation":{"x":-0.2915215790271759,"y":0.7036530375480652,"z":-0.40645214915275576,"w":-0.5046827793121338},"size":7.050039291381836,"orthographic":false}