{"cameraMode":{"drawMode":0,"name":"Shaded","section":"Shading Mode"},"sceneLighting":false,"audioPlay":false,"sceneViewState":{"showFog":true,"showMaterialUpdate":false,"showSkybox":false,"showFlares":true,"showImageEffects":true,"showParticleSystems":true},"in2DMode":false,"pivot":{"x":-3.5490076541900636,"y":-21.334396362304689,"z":2.612903594970703},"rotation":{"x":-0.2671474516391754,"y":0.6710594296455383,"z":-0.2843608856201172,"w":-0.6304404735565186},"size":78.9085693359375,"orthographic":false}